Month,BpP_Ratio
1,0.8321792310614882
2,0.8305381403956789
3,0.7310026368579755
4,0.8099278447362636
5,0.7191662733690993
6,0.7007624633431085
7,0.8136658615371184
8,0.7644541255281421
9,0.5736807119542031
10,0.638858717515488
11,0.7134765513704484
12,0.6356559438549426
